"","Ind","Pop","c0p183","c0p183_2","c0p184","c0p184_2","c0p238","c0p238_2","c0p251","c0p251_2","c0p283","c0p283_2","c0p303","c0p303_2","c0p356","c0p356_2","c0p373","c0p373_2","c0p628","c0p628_2"
"3","HZ3","HZ_HENMO","1","2","2","2","2","2","1",2,"2",2,"2",2,"1",2,"2",2,"1",2
"4","HZ4","HZ_HENMO","2","2","1","2","2","2","2",2,"2",2,"2",2,"2",2,"1",2,"2",2
"5","HZ5","HZ_HENMO","2","2","2","2","1","2","2",2,"2",2,"2",2,"2",2,"2",2,"2",2
"6","HZ6","HZ_HENMO","2","2","2","2","2","2","1",2,"2",2,"2",2,"2",2,"2",2,"2",2
"7","HZ7","HZ_HENMO","1","1","1","1","1","1","1",1,"1",1,"1",1,"1",1,"1",1,"1",1
"8","HZ8","HZ_HENMO","1","1","1","1","1","1","1",1,"1",1,"1",1,"1",1,"1",1,"1",1
"9","HZ9","HZ_HENMO","1","2","1","2","1","2","1",2,"1",1,"1",2,"1",2,"1",2,"1",2
"10","HZ10","HZ_HENMO","1","2","2","2","1","2","1",2,"1",2,"1",2,"1",2,"2",2,"1",2
"11","HZ12","HZ_HENMO","1","1","1","1","1","1","1",1,"1",1,"1",1,"1",2,"1",1,"1",2
"12","HZ13","HZ_HENMO","1","1","1","1","1","1","1",1,"1",1,"1",2,"1",1,"1",1,"1",1
"13","HZ14","HZ_HENMO","1","2","2","2","1","2","1",2,"2",2,"2",2,"1",1,"2",2,"1",1
"14","HZ15","HZ_HENMO","2","2","1","1","1","2","1",2,"1",2,"1",2,"1",2,"1",1,"1",2
"15","HZ16","HZ_HENMO","2","2","2","2","1","2","2",2,"2",2,"2",2,"2",2,"2",2,"2",2
"16","HZ17","HZ_HENMO","2","2","2","2","2","2","2",2,"2",2,"1",2,"2",2,"2",2,"2",2
"17","HZ18","HZ_HENMO","2","2","2","2","2","2","2",2,"2",2,"2",2,"2",2,"2",2,"2",2
"18","HZ19","HZ_HENMO","2","2","2","2","2","2","2",2,"2",2,"2",2,"1",2,"2",2,"1",2
"19","HZ20","HZ_HENMO","2","2","2","2","2","2","2",2,"2",2,"2",2,"2",2,"2",2,"2",2
"20","HZ21","HZ_HENMO","2","2","2","2","2","2","2",2,"2",2,"2",2,"1",2,"2",2,"1",2
"21","HZ22","HZ_HENMO","2","2","2","2","2","2","2",2,"1",2,"2",2,"2",2,"2",2,"2",2
"22","HZ23","HZ_HENMO","1","2","1","2","1","1","1",2,"1",2,"1",2,"1",2,"1",2,"1",2
"23","HZ24","HZ_HENMO","2","2","1","2","2","2","2",2,"1",2,"2",2,"1",2,"1",2,"1",2
"24","HZ25","HZ_HENMO","2","2","2","2","2","2","2",2,"2",2,"2",2,"2",2,"2",2,"2",2
"25","HZ26","HZ_HENMO","2","2","2","2","1","2","1",2,"2",2,"2",2,"1",2,"2",2,"1",2
"26","HZ27","HZ_HENMO","1","2","2","2","1","2","1",2,"2",2,"1",2,"2",2,"2",2,"2",2
"27","HZ28","HZ_HENMO","1","2","1","2","1","2","1",2,"1",2,"1",2,"1",2,"1",2,"1",2
"28","HZ30","HZ_HENMO","2","2","2","2","2","2","2",2,"1",2,"2",2,"2",2,"2",2,"2",2
"29","HZ31","HZ_HENMO","2","2","2","2","-1","-1","2",2,"1",2,"2",2,"2",2,"2",2,"2",2
"30","HZ32","HZ_HENMO","2","2","2","2","-1","-1","2",2,"2",2,"2",2,"-1",-1,"2",2,"2",2
"31","HZ33","HZ_HENMO","2","2","2","2","2","2","1",2,"2",2,"2",2,"2",2,"2",2,"2",2
"32","HZ34","HZ_HENMO","2","2","2","2","2","2","2",2,"2",2,"2",2,"2",2,"2",2,"2",2
"33","HZ35","HZ_HENMO","2","2","2","2","1","1","1",2,"1",2,"1",2,"1",2,"1",2,"1",2
"34","HZ36","HZ_HENMO","2","2","2","2","2","2","1",2,"1",2,"2",2,"2",2,"1",2,"2",2
"35","HZ37","HZ_HENMO","2","2","2","2","-1","-1","1",2,"1",2,"2",2,"1",2,"1",2,"1",2
"36","HZ38","HZ_HENMO","-1","-1","1","2","-1","-1","1",2,"1",2,"1",2,"1",1,"1",2,"1",1
"37","BC1","BC_NEAR","1","1","1","1","1","1","1",1,"1",2,"1",1,"1",1,"1",1,"1",1
"38","BC2","BC_FAR","1","1","1","1","1","1","1",1,"1",1,"1",1,"1",1,"1",1,"1",1
"39","BC3","BC_NEAR","1","1","1","1","1","1","1",1,"1",2,"1",1,"1",1,"1",1,"1",1
"40","BC4","BC_NEAR","1","1","1","1","1","1","1",2,"1",1,"1",2,"1",1,"1",1,"1",1
"41","BC5","BC_NEAR","1","1","1","1","1","1","1",1,"1",2,"1",1,"1",1,"1",1,"1",1
"42","BC6","BC_NEAR","1","1","1","1","1","1","1",1,"1",1,"1",1,"1",1,"1",1,"1",1
"43","BC7","BC_NEAR","1","1","1","1","1","1","1",1,"1",1,"1",2,"1",1,"1",1,"1",1
"44","BC8","BC_NEAR","1","1","1","1","1","1","1",1,"1",1,"1",2,"1",1,"1",1,"1",1
"45","BC9","BC_NEAR","1","1","1","1","1","1","1",1,"1",1,"1",1,"1",1,"1",1,"1",1
"46","BC10","BC_FAR","1","1","1","1","1","1","1",1,"1",1,"1",1,"1",1,"1",1,"1",1
"47","BC11","BC_FAR","1","1","1","1","1","1","1",1,"1",1,"1",1,"1",1,"1",1,"1",1
"48","CA1","CA_FAR","2","2","2","2","2","2","1",2,"2",2,"2",2,"2",2,"2",2,"1",2
"49","CA2","CA_FAR","2","2","2","2","2","2","2",2,"2",2,"2",2,"2",2,"2",2,"2",2
"50","CA3","CA_FAR","2","2","2","2","2","2","2",2,"1",2,"2",2,"2",2,"2",2,"2",2
"51","CA4","CA_NEAR","2","2","2","2","2","2","2",2,"2",2,"2",2,"2",2,"2",2,"2",2
"52","CA5","CA_NEAR","2","2","2","2","2","2","2",2,"1",2,"2",2,"2",2,"2",2,"2",2
"53","CA6","CA_NEAR","2","2","2","2","2","2","2",2,"1",2,"2",2,"2",2,"2",2,"2",2
"54","CA8","CA_NEAR","2","2","2","2","2","2","2",2,"1",2,"2",2,"2",2,"2",2,"1",2
"55","CA9","CA_NEAR","2","2","2","2","2","2","2",2,"2",2,"2",2,"2",2,"2",2,"2",2
"56","CA10","CA_NEAR","2","2","2","2","2","2","2",2,"1",2,"2",2,"2",2,"2",2,"2",2
"57","CA11","CA_NEAR","2","2","2","2","2","2","1",2,"1",2,"2",2,"2",2,"1",2,"1",2
