9,55,5,34,8,3,7,3,,,,,,,,,,,,
HZCH Genotype Scores,,,HZ_HENMO,BC_NEAR,BC_FAR,CA_NEAR,CA_FAR,,,,,,,,,,,,
Ind,Pop,c0p183,,c0p184,,c0p238,,c0p251,,c0p283,,c0p303,,c0p356,,c0p373,,c0p628,
HZ3,HZ_HENMO,1,2,2,2,2,2,1,2,2,2,2,2,1,2,2,2,1,2
HZ4,HZ_HENMO,2,2,1,2,2,2,2,2,2,2,2,2,2,2,1,2,2,2
HZ5,HZ_HENMO,2,2,2,2,1,2,2,2,2,2,2,2,2,2,2,2,2,2
HZ6,HZ_HENMO,2,2,2,2,2,2,1,2,2,2,2,2,2,2,2,2,2,2
HZ7,HZ_HENMO,1,1,1,1,1,1,1,1,1,1,1,1,1,1,1,1,1,1
HZ8,HZ_HENMO,1,1,1,1,1,1,1,1,1,1,1,1,1,1,1,1,1,1
HZ9,HZ_HENMO,1,2,1,2,1,2,1,2,1,1,1,2,1,2,1,2,1,2
HZ10,HZ_HENMO,1,2,2,2,1,2,1,2,1,2,1,2,1,2,2,2,1,2
HZ12,HZ_HENMO,1,1,1,1,1,1,1,1,1,1,1,1,1,2,1,1,1,2
HZ13,HZ_HENMO,1,1,1,1,1,1,1,1,1,1,1,2,1,1,1,1,1,1
HZ14,HZ_HENMO,1,2,2,2,1,2,1,2,2,2,2,2,1,1,2,2,1,1
HZ15,HZ_HENMO,2,2,1,1,1,2,1,2,1,2,1,2,1,2,1,1,1,2
HZ16,HZ_HENMO,2,2,2,2,1,2,2,2,2,2,2,2,2,2,2,2,2,2
HZ17,HZ_HENMO,2,2,2,2,2,2,2,2,2,2,1,2,2,2,2,2,2,2
HZ18,HZ_HENMO,2,2,2,2,2,2,2,2,2,2,2,2,2,2,2,2,2,2
HZ19,HZ_HENMO,2,2,2,2,2,2,2,2,2,2,2,2,1,2,2,2,1,2
HZ20,HZ_HENMO,2,2,2,2,2,2,2,2,2,2,2,2,2,2,2,2,2,2
HZ21,HZ_HENMO,2,2,2,2,2,2,2,2,2,2,2,2,1,2,2,2,1,2
HZ22,HZ_HENMO,2,2,2,2,2,2,2,2,1,2,2,2,2,2,2,2,2,2
HZ23,HZ_HENMO,1,2,1,2,1,1,1,2,1,2,1,2,1,2,1,2,1,2
HZ24,HZ_HENMO,2,2,1,2,2,2,2,2,1,2,2,2,1,2,1,2,1,2
HZ25,HZ_HENMO,2,2,2,2,2,2,2,2,2,2,2,2,2,2,2,2,2,2
HZ26,HZ_HENMO,2,2,2,2,1,2,1,2,2,2,2,2,1,2,2,2,1,2
HZ27,HZ_HENMO,1,2,2,2,1,2,1,2,2,2,1,2,2,2,2,2,2,2
HZ28,HZ_HENMO,1,2,1,2,1,2,1,2,1,2,1,2,1,2,1,2,1,2
HZ30,HZ_HENMO,2,2,2,2,2,2,2,2,1,2,2,2,2,2,2,2,2,2
HZ31,HZ_HENMO,2,2,2,2,-1,-1,2,2,1,2,2,2,2,2,2,2,2,2
HZ32,HZ_HENMO,2,2,2,2,-1,-1,2,2,2,2,2,2,-1,-1,2,2,2,2
HZ33,HZ_HENMO,2,2,2,2,2,2,1,2,2,2,2,2,2,2,2,2,2,2
HZ34,HZ_HENMO,2,2,2,2,2,2,2,2,2,2,2,2,2,2,2,2,2,2
HZ35,HZ_HENMO,2,2,2,2,1,1,1,2,1,2,1,2,1,2,1,2,1,2
HZ36,HZ_HENMO,2,2,2,2,2,2,1,2,1,2,2,2,2,2,1,2,2,2
HZ37,HZ_HENMO,2,2,2,2,-1,-1,1,2,1,2,2,2,1,2,1,2,1,2
HZ38,HZ_HENMO,-1,-1,1,2,-1,-1,1,2,1,2,1,2,1,1,1,2,1,1
BC1,BC_NEAR,1,1,1,1,1,1,1,1,1,2,1,1,1,1,1,1,1,1
BC2,BC_FAR,1,1,1,1,1,1,1,1,1,1,1,1,1,1,1,1,1,1
BC3,BC_NEAR,1,1,1,1,1,1,1,1,1,2,1,1,1,1,1,1,1,1
BC4,BC_NEAR,1,1,1,1,1,1,1,2,1,1,1,2,1,1,1,1,1,1
BC5,BC_NEAR,1,1,1,1,1,1,1,1,1,2,1,1,1,1,1,1,1,1
BC6,BC_NEAR,1,1,1,1,1,1,1,1,1,1,1,1,1,1,1,1,1,1
BC7,BC_NEAR,1,1,1,1,1,1,1,1,1,1,1,2,1,1,1,1,1,1
BC8,BC_NEAR,1,1,1,1,1,1,1,1,1,1,1,2,1,1,1,1,1,1
BC9,BC_NEAR,1,1,1,1,1,1,1,1,1,1,1,1,1,1,1,1,1,1
BC10,BC_FAR,1,1,1,1,1,1,1,1,1,1,1,1,1,1,1,1,1,1
BC11,BC_FAR,1,1,1,1,1,1,1,1,1,1,1,1,1,1,1,1,1,1
CA1,CA_FAR,2,2,2,2,2,2,1,2,2,2,2,2,2,2,2,2,1,2
CA2,CA_FAR,2,2,2,2,2,2,2,2,2,2,2,2,2,2,2,2,2,2
CA3,CA_FAR,2,2,2,2,2,2,2,2,1,2,2,2,2,2,2,2,2,2
CA4,CA_NEAR,2,2,2,2,2,2,2,2,2,2,2,2,2,2,2,2,2,2
CA5,CA_NEAR,2,2,2,2,2,2,2,2,1,2,2,2,2,2,2,2,2,2
CA6,CA_NEAR,2,2,2,2,2,2,2,2,1,2,2,2,2,2,2,2,2,2
CA8,CA_NEAR,2,2,2,2,2,2,2,2,1,2,2,2,2,2,2,2,1,2
CA9,CA_NEAR,2,2,2,2,2,2,2,2,2,2,2,2,2,2,2,2,2,2
CA10,CA_NEAR,2,2,2,2,2,2,2,2,1,2,2,2,2,2,2,2,2,2
CA11,CA_NEAR,2,2,2,2,2,2,1,2,1,2,2,2,2,2,1,2,1,2
